GROUP,PACKAGE,CLASS,INSTRUCTION_MISSED,INSTRUCTION_COVERED,BRANCH_MISSED,BRANCH_COVERED,LINE_MISSED,LINE_COVERED,COMPLEXITY_MISSED,COMPLEXITY_COVERED,METHOD_MISSED,METHOD_COVERED
planifest,com.example.planifest.service.importstrategy,TaskImportStrategy,502,31,52,0,114,8,32,2,6,2
planifest,com.example.planifest.service.importstrategy,ClientImportStrategy,460,6,60,0,103,3,38,1,8,1
planifest,com.example.planifest.service.importstrategy,UserImportStrategy,170,6,16,0,42,3,11,1,3,1
planifest,com.example.planifest.service.importstrategy,ImportStrategyFactory,42,18,10,0,6,7,6,1,1,1
planifest,com.example.planifest.service.importstrategy,EventImportStrategy,293,11,32,0,65,4,22,1,6,1
planifest,com.example.planifest.service.importstrategy,SupplyImportStrategy,348,6,36,0,77,3,22,1,4,1
planifest,com.example.planifest.service.importstrategy,ImportStrategy,12,0,2,0,4,0,2,0,1,0
planifest,com.example.planifest.Exceptions,SupplyDeletionException,4,0,0,0,2,0,1,0,1,0
planifest,com.example.planifest.entity,StockMovement,0,3,0,0,0,1,0,1,0,1
planifest,com.example.planifest.entity,Position,0,3,0,0,0,1,0,1,0,1
planifest,com.example.planifest.entity,User,0,3,0,0,0,1,0,1,0,1
planifest,com.example.planifest.entity,Client,0,3,0,0,0,1,0,1,0,1
planifest,com.example.planifest.entity,AudiLog,0,7,0,0,0,3,0,2,0,2
planifest,com.example.planifest.entity,Task,0,3,0,0,0,1,0,1,0,1
planifest,com.example.planifest.entity,PlaniService,0,3,0,0,0,1,0,1,0,1
planifest,com.example.planifest.entity,EventSupply,12,0,0,0,5,0,1,0,1,0
planifest,com.example.planifest.entity,Supply,0,8,0,0,0,2,0,1,0,1
planifest,com.example.planifest.entity,Event,0,8,0,0,0,2,0,1,0,1
planifest,com.example.planifest.enums,Role,0,21,0,0,0,4,0,1,0,1
planifest,com.example.planifest.enums,SupplyStatus,0,15,0,0,0,3,0,1,0,1
planifest,com.example.planifest.enums,EventStatus,0,15,0,0,0,3,0,1,0,1
planifest,com.example.planifest.enums,TaskStatus,0,21,0,0,0,4,0,1,0,1
planifest,com.example.planifest.enums,StockStatus,0,15,0,0,0,3,0,1,0,1
planifest,com.example.planifest.controller.controllerview,PruebaViewController,2,3,0,0,1,1,1,1,1,1
planifest,com.example.planifest.controller.controllerview,DashboardController,284,3,18,0,60,1,18,1,9,1
planifest,com.example.planifest.controller.controllerview,EmployeeViewController,103,9,4,0,22,4,7,1,5,1
planifest,com.example.planifest.controller.controllerview,EmployeeProfileViewController,75,6,0,0,18,3,3,1,3,1
planifest,com.example.planifest.controller.controllerview,TaskViewController,202,15,4,0,42,6,8,1,6,1
planifest,com.example.planifest.controller.controllerview,SupplyViewController,104,6,4,0,23,3,5,1,3,1
planifest,com.example.planifest.controller.controllerview,supplyAdminViewController,50,6,2,0,8,3,2,1,1,1
planifest,com.example.planifest.controller.controllerview,EventViewController,202,15,18,0,40,6,15,1,6,1
planifest,com.example.planifest.controller.controllerview,ClientViewController,112,9,6,0,23,4,6,1,3,1
planifest,com.example.planifest.controller.controllerview,HomeViewController,49,6,2,0,13,3,4,1,3,1
planifest,com.example.planifest.controller.controllerview,StockMovementViewController,105,9,4,0,21,4,5,1,3,1
planifest,com.example.planifest.config,PlaniServiceSeeder,174,16,1,1,52,6,1,2,0,2
planifest,com.example.planifest.config,ClientSeeder,47,16,1,1,13,6,2,2,1,2
planifest,com.example.planifest.config,SupplySeeder,158,16,3,1,50,6,2,2,0,2
planifest,com.example.planifest.config,CustomSuccessHandler,37,6,6,0,11,3,5,1,1,1
planifest,com.example.planifest.config,TaskSeeder,271,25,13,1,66,9,12,2,5,2
planifest,com.example.planifest.config,EventSeeder,340,24,9,1,69,9,5,2,0,2
planifest,com.example.planifest.config,SecurityConfig,0,113,0,0,0,20,0,6,0,6
planifest,com.example.planifest.config,StockMovementSeeder,109,15,5,1,32,6,3,2,0,2
planifest,com.example.planifest.config,MapperConfig,0,7,0,0,0,2,0,2,0,2
planifest,com.example.planifest.config,UserSeeder,176,15,3,1,51,6,2,2,0,2
planifest,com.example.planifest.config,PositionSeeder,48,16,1,1,14,6,1,2,0,2
planifest,com.example.planifest.controller,TaskController,30,9,0,0,8,4,4,1,4,1
planifest,com.example.planifest.controller,AdminReportController,88,21,0,0,18,8,1,1,1,1
planifest,com.example.planifest.controller,CustomErrorController,36,3,8,0,13,1,8,1,4,1
planifest,com.example.planifest.controller,ClientController,30,6,0,0,8,3,4,1,4,1
planifest,com.example.planifest.controller,ImportExportController,120,6,6,0,31,3,10,1,5,1
planifest,com.example.planifest.controller,UserController,40,6,0,0,11,3,5,1,5,1
planifest,com.example.planifest.controller,SupplyController,26,6,0,0,7,3,4,1,4,1
planifest,com.example.planifest.controller,EventController,46,9,0,0,13,4,4,1,4,1
planifest,com.example.planifest.controller,EmailController,7,3,0,0,2,1,1,1,1,1
planifest,com.example.planifest.controller,PositionController,30,6,0,0,8,3,4,1,4,1
planifest,com.example.planifest.controller,AuthController,4,3,0,0,2,1,2,1,2,1
planifest,com.example.planifest.controller,PlaniServiceController,30,6,0,0,8,3,4,1,4,1
planifest,com.example.planifest.controller,StockMovementController,30,6,0,0,8,3,4,1,4,1
planifest,com.example.planifest.controller,StockReportController,68,12,0,0,15,5,1,1,1,1
planifest,com.example.planifest.service,UserServiceImp,293,13,48,0,59,5,41,2,17,2
planifest,com.example.planifest.service,StockMovementServiceImp,236,13,42,0,46,5,34,2,13,2
planifest,com.example.planifest.service,TaskExcelService,201,6,16,0,53,3,12,1,4,1
planifest,com.example.planifest.service,PlaniServiceImp,107,10,22,0,23,4,17,2,6,2
planifest,com.example.planifest.service,ChartService,129,3,2,0,22,1,5,1,4,1
planifest,com.example.planifest.service,UserDetailsServiceImpl,20,6,0,0,3,3,2,1,2,1
planifest,com.example.planifest.service,PositionServiceImpl,69,10,10,0,17,4,11,2,6,2
planifest,com.example.planifest.service,AuditService,4,33,1,1,1,12,1,2,0,2
planifest,com.example.planifest.service,MapService,20,3,4,0,6,1,3,1,1,1
planifest,com.example.planifest.service,ClientServiceImp,194,10,40,0,36,4,31,2,11,2
planifest,com.example.planifest.service,SupplyServiceImp,306,10,58,0,61,4,41,2,12,2
planifest,com.example.planifest.service,ReportService,52,6,0,0,13,3,2,1,2,1
planifest,com.example.planifest.service,ExportService,27,6,0,0,6,3,3,1,3,1
planifest,com.example.planifest.service,EmailService,50,3,2,0,15,1,3,1,2,1
planifest,com.example.planifest.service,EmailServiceUser,55,3,2,0,17,1,4,1,3,1
planifest,com.example.planifest.service,UserDetailsImpl,24,0,0,0,10,0,8,0,8,0
planifest,com.example.planifest.service,TaskServiceImp,344,13,80,0,52,5,61,2,21,2
planifest,com.example.planifest.service,ImportExportService,51,9,0,0,11,4,4,1,4,1
planifest,com.example.planifest.service,EventServiceImp,291,19,44,0,59,7,33,2,11,2
planifest,com.example.planifest.service,StrategyFactory,36,18,10,0,6,7,6,1,1,1
planifest,com.example.planifest.service.exportstrategy,SupplyExportStrategy,300,8,6,0,43,2,6,1,3,1
planifest,com.example.planifest.service.exportstrategy,UserExportStrategy,143,11,4,0,25,4,5,1,3,1
planifest,com.example.planifest.service.exportstrategy,EventExportStrategy,280,8,6,0,41,2,6,1,3,1
planifest,com.example.planifest.service.exportstrategy,ExportStrategyFactory,56,44,10,0,9,11,7,1,2,1
planifest,com.example.planifest.service.exportstrategy,ClientExportStrategy,182,8,8,0,30,2,7,1,3,1
planifest,com.example.planifest.service.exportstrategy,TaskExportStrategy,276,8,18,0,37,2,12,1,3,1
planifest,com.example.planifest,PlanifestApplication,5,3,0,0,2,1,1,1,1,1
planifest,com.example.planifest.mapper,ClientMapper,14,6,0,0,2,3,2,1,2,1
planifest,com.example.planifest.mapper,UserMapper,14,6,0,0,2,3,2,1,2,1
planifest,com.example.planifest.mapper,TaskMapper,14,6,0,0,2,3,2,1,2,1
planifest,com.example.planifest.mapper,PlaniServiceMapper,14,6,0,0,2,3,2,1,2,1
planifest,com.example.planifest.mapper,EventMapper,14,6,0,0,2,3,2,1,2,1
planifest,com.example.planifest.mapper,PositionMapper,14,6,0,0,2,3,2,1,2,1
planifest,com.example.planifest.mapper,SupplyMapper,14,6,0,0,2,3,2,1,2,1
planifest,com.example.planifest.mapper,StockMapper,14,6,0,0,2,3,2,1,2,1
